year,month,meant,maxtp,mintp,mnmax,mnmin,rain,gmin,wdsp,maxgt,sun
1962,1,4.9,12.1,-9.4,7.8,2,41.1,-10.9,13.5,60,69
1962,2,5.4,11.4,-1.6,8.1,2.7,26.7,-3.6,15.3,64,46.5
1962,3,3.5,13.3,-6.3,6.8,0.2,53.6,-9.1,9.8,56,128.8
1962,4,7.5,16.2,0.8,10.9,4.1,40.8,-3.2,10.6,47,193.3
1962,5,10,18.2,2.2,13.9,6.1,56.8,-1.8,9.6,45,212.5
1962,6,12.4,21.3,1.5,16.7,8.1,24.9,-1.4,10.1,55,202.8
1962,7,13.7,21.4,4.8,16.9,10.5,68,2.9,8.4,37,125.4
1962,8,13.7,19.9,6.9,17.3,10,73.1,2.9,10.4,51,161.1
1962,9,11.8,18.9,3.4,15.2,8.5,129.2,-1.1,9,54,87
1962,10,10.4,16.8,0.7,13.6,7.2,16.8,-1.6,8.4,49,120.6
1962,11,6.6,12.7,-1.6,9,4.2,47.9,-3.2,9.8,55,44.3
1962,12,4.8,12.8,-3.3,7.3,2.4,75.3,-6.9,13.4,71,57.3
1963,1,0.9,7.1,-6.7,2.9,-1.1,41.1,-11,13,50,58.4
1963,2,1.9,6.8,-4.6,4.1,-0.3,61.9,-7.6,13,52,61.1
1963,3,6.6,13.3,-1.2,9.9,3.4,65.2,-5.4,12.6,54,115.5
1963,4,7.9,16.4,-1.6,11.2,4.7,47,-4.4,11.6,52,111.7
1963,5,9.6,17.3,2.3,13.4,5.9,42,-0.6,12.2,48,183.5
1963,6,13.2,21.7,6.6,16.8,9.7,54.3,4.6,9.6,45,203.2
1963,7,13.9,22.9,6.2,17.4,10.4,23.5,2.7,7.8,35,156.6
1963,8,13.6,20.9,6.2,17.2,10.1,103.1,3.7,10.4,45,133.8
1963,9,12.2,21.1,4,16,8.4,44.9,2.4,9.6,49,148.4
1963,10,11,17.2,3.1,14.2,7.8,47.6,-0.6,11.8,46,82.5
1963,11,7.7,13.1,-0.3,10.5,4.9,95.9,-5.7,12.6,59,81.3
1963,12,5,12,-4.6,7.1,2.9,16.4,-7.2,12.2,49,52.8
1964,1,6.1,11.4,0,8.3,3.9,14.8,-3.8,9.8,50,34.4
1964,2,5.3,13.4,-3.4,7.7,2.9,28.3,-6.7,12.9,47,70.2
1964,3,5.5,11.6,-0.4,7.8,3.2,106.6,-4.9,10.5,47,65.7
1964,4,8.2,14.6,-0.3,11.6,4.9,62.3,-3.4,10.8,42,139.9
1964,5,11.9,18.6,4.7,15.6,8.1,45.4,2.8,11.1,49,189.9
1964,6,13,22.1,4.4,16.3,9.6,51,3,10,42,144.2
1964,7,15.1,21.7,5.6,18.6,11.6,47.4,3.9,9.6,47,153.9
1964,8,14.5,22.8,4.9,18,10.9,81.3,2.7,8.6,43,170.9
1964,9,13.6,21.1,4.3,17.1,10.2,51.7,2.4,9.6,47,151
1964,10,9.2,16.8,-0.4,12.3,6.1,62.3,-1.1,8.1,45,83.6
1964,11,8,14.4,-1.7,10.8,5.2,26.2,-5.6,10.1,48,84.9
1964,12,4.9,13.1,-2.8,7.7,2.1,111.8,-6.9,11.6,68,55.5
1965,1,3.9,12.3,-3.5,6.5,1.3,97.3,-5.6,13,73,69.8
1965,2,4.1,10.2,-1.6,6.6,1.7,4.7,-6.1,8.3,48,50
1965,3,6,21.3,-6.7,9.2,2.8,54.6,-7.7,11.2,49,127.4
1965,4,8.3,15.3,1.7,11.8,4.8,45.4,-4.8,11.4,60,182.5
1965,5,10.9,19.2,1.4,14.4,7.3,51.9,-2.8,9.1,44,154.1
1965,6,13.6,20.2,4.2,17.3,9.9,72.9,0.1,8.8,52,189.6
1965,7,13.1,19.4,5.2,16.5,9.7,79.2,3.4,8.4,44,133.2
1965,8,14.2,21.3,6.9,17.9,10.5,55.4,4,10,42,166.5
1965,9,11.8,20.6,4.7,15.2,8.4,67.7,-0.3,8.8,41,103.9
1965,10,11.2,17.3,3,14,8.4,41.4,0.4,8.8,48,89.7
1965,11,5.3,12.8,-2.5,7.9,2.6,182.3,-4.9,12.7,59,75.7
1965,12,5,13.5,-4.9,7.8,2.3,97.1,-5.4,11.7,53,76.9
1966,1,5,12.4,-1.8,6.5,3.5,94.6,-3.6,11.8,51,25.2
1966,2,6.4,13.1,0.7,8.4,4.4,114.5,0.5,13.1,50,54.9
1966,3,7.2,13.8,-2.1,10.7,3.8,40.2,-5.8,12.1,55,125
1966,4,7,17.2,-0.5,9.6,4.3,151.8,-5.4,12.7,45,103.3
1966,5,10.8,22.3,3,14.9,6.7,52.3,-0.1,9.4,56,246.3
1966,6,14.3,23.1,8.3,17.7,10.9,119.5,6.3,7.8,40,146.3
1966,7,14.4,23.5,6.5,18.4,10.3,37.1,4.8,8.2,34,184.5
1966,8,14.2,22.4,6.1,17.8,10.6,56.5,3.2,7.3,45,156.9
1966,9,14.1,21.5,5.1,17.6,10.5,61.3,2.2,7.4,43,141.5
1966,10,9.2,16.7,0.6,12.5,5.9,132.9,-0.5,8,40,108.5
1966,11,5.6,12.2,-1.8,8.4,2.9,43.3,-2.7,11.7,51,69.5
1966,12,5.9,12.4,-1.5,9.2,2.7,115.1,-2.8,14.2,68,59.9
1967,1,5.4,12.8,-2.9,7.7,3,48.5,-3.7,9.4,44,57
1967,2,5.7,12.5,-0.7,8.1,3.2,83.8,-3.8,12.9,64,84.7
1967,3,6.8,15.8,-0.9,10,3.6,26.4,-4,16.9,57,145.8
1967,4,8.6,20.2,0.7,12.3,5,33.9,-3.9,11.1,48,166
1967,5,8.9,18,-0.2,12,5.8,129.4,-4.8,10.4,51,145.3
1967,6,13.8,22.7,5.2,18,9.6,11.4,2.7,6.8,38,191.5
1967,7,15.4,21.9,8.5,19,11.7,83.7,6.7,7.4,36,122.7
1967,8,14.3,20.7,5.6,17.9,10.8,64.3,4.2,7.8,39,145.5
1967,9,12.9,18.7,5.6,16.4,9.5,115.5,3.5,9.6,54,136.5
1967,10,9.8,17.5,1.1,13,6.6,94.4,-1.4,13.3,55,102
1967,11,6.2,13.4,-1.7,9.4,3.1,45.7,-3.8,9.4,44,81.2
1967,12,5.3,14,-4.5,7.7,2.9,45.5,-6.4,11.8,48,55.8
1968,1,5.7,13.6,-1.4,8.1,3.3,96.1,-3.9,12.3,70,48.7
1968,2,3.2,8.2,-3.9,5.9,0.6,15.9,-8,8.6,44,115.6
1968,3,6.4,13.8,-0.9,10,2.9,41.5,-4,12.2,52,119
1968,4,7.3,15.5,-3.7,11,3.7,58.6,-7.4,9.2,45,171.5
1968,5,9.2,19.6,1.6,13,5.4,51.8,-1.6,7.3,38,191.3
1968,6,13.8,22.5,5.6,17.7,9.9,51.4,2.7,6.6,36,236.6
1968,7,14.2,22.5,8.1,17.6,10.8,15.9,5.8,5.8,34,173.2
1968,8,15,23.9,6.7,18.7,11.3,106.6,5,7,33,198.5
1968,9,13.5,21,7.5,16.5,10.4,103.5,2.9,9.7,48,142
1968,10,12.5,19,5.4,15.1,9.9,59.8,1.8,9.1,49,69.2
1968,11,8.1,14.6,-1.1,10.1,6.2,78.8,-6.4,10.8,47,41.7
1968,12,5.2,12.5,-1.9,7.4,3.1,109.1,-6.2,9.5,51,47.9
1969,1,5.6,13.3,-6.1,7.9,3.3,105.4,-7.4,10.1,56,44.6
1969,2,2.1,8.6,-6.2,4.5,-0.4,41.8,-10.9,11.6,52,91.3
1969,3,4.4,11.6,-1.2,6.6,2.2,46.9,-7.8,9.3,44,86.4
1969,4,7.7,17.6,-0.4,11.5,3.8,62.3,-4.9,9.5,51,198.5
1969,5,10.4,18.5,2.2,13.6,7.2,111.2,-0.5,6.6,29,156.5
1969,6,13,20.4,4.7,16.8,9.3,46.4,0.8,6.6,35,240.7
1969,7,16,25.2,7.1,19.9,12.1,43.8,5.2,7.9,37,216.5
1969,8,15.2,23.1,6.9,18.7,11.7,34.1,5.2,7.4,37,153.6
1969,9,13,20.5,2.6,16.5,9.5,44.9,0.2,7,47,115.7
1969,10,13.1,20.2,2.3,16.1,10,11.1,0.2,9.1,43,89.1
1969,11,5.1,17,-2,8.1,2,90,-6.7,11.2,45,85.6
1969,12,4.9,12.6,-3.7,7.6,2.2,63.5,-8,11,43,52.4
1970,1,4.8,12.3,-6.5,7.2,2.5,62.5,-10,10.4,46,43.9
1970,2,3.9,11.8,-2.9,6.8,1,60.4,-7.4,12.1,62,108.6
1970,3,4.9,13.7,-2.4,8.3,1.5,32.5,-4.9,12.6,48,137.6
1970,4,7,16.3,-2.1,10.8,3.2,85.3,-4.3,11.9,42,150.4
1970,5,12.3,20,6.9,15.9,8.8,13.2,3.1,9.6,39,160.9
1970,6,15.1,24.1,9.1,18.7,11.5,31.6,5.1,7.1,42,203
1970,7,14.6,22.8,6.2,18.7,10.5,68.2,4,10.4,40,167.9
1970,8,14.7,23.5,6.7,18.4,11,68.3,4.4,6.7,56,141.7
1970,9,13.4,21.1,5.4,16.8,10.1,53.8,1.9,9.6,52,113
1970,10,10.8,17.8,3.3,13.8,7.8,59.2,0.5,12.1,56,92.8
1970,11,7.6,15.4,-0.4,10.2,5,128,-5.2,11.4,64,65.3
1970,12,5.6,12.6,-2.7,8.1,3.2,50.6,-5,10.1,44,57.5
1971,1,6,16.6,-3.7,8.5,3.4,39.4,-6.3,10.4,50,53.4
1971,2,5.9,11.1,-2.7,8.3,3.4,39.7,-5.8,8.9,50,65.4
1971,3,5.9,12.2,0.5,8.8,3.1,78.8,-4.3,9.2,47,83.5
1971,4,7.7,15.1,0.7,10.9,4.6,52.4,-3,7.5,42,165.1
1971,5,10.4,19.7,3,14.2,6.7,34,-2.1,6.8,36,190.4
1971,6,12.3,20.2,3.9,15.5,9.1,71.8,1.8,8.2,36,169.3
1971,7,15.7,23.8,5.4,19.7,11.8,62.8,1.8,6.9,32,226.7
1971,8,14.7,21.3,7.2,18.1,11.3,66.9,5.5,8.2,38,113.5
1971,9,14.7,22.3,5.1,18.5,10.9,27,2.1,6.7,35,171.3
1971,10,12.6,21.2,3.7,15.6,9.7,34.4,-1.4,11,49,118.2
1971,11,7.2,16.2,-1.8,10.6,3.7,48,-4.8,12.2,43,78
1971,12,7.8,14.7,-0.1,9.9,5.7,36.4,-1.7,13,48,31.1
1972,1,4.9,12.1,-8.8,7.4,2.5,110.6,-14,12.5,51,42.8
1972,2,5.6,10.3,0.7,7.9,3.4,59.7,-7.2,11.4,57,65.6
1972,3,6.4,14,0,9.4,3.3,50.1,-4.4,11.5,54,117.9
1972,4,8.5,17.1,1.9,11.7,5.2,49.2,-2.2,12.1,46,173.8
1972,5,10.1,16.7,3.1,13.1,7,66.7,0.1,12.1,56,163.1
1972,6,11.3,18.4,5.1,14.8,7.9,58.6,1.9,9.8,39,149.4
1972,7,14.9,22.8,7,18.4,11.3,41.1,4.8,6.7,32,184
1972,8,13.9,20.7,6.5,17.6,10.1,24,3.6,8,35,167.3
1972,9,12.2,22.6,2.4,16.1,8.2,7.5,-0.5,6.6,31,167
1972,10,11.3,17.5,1.4,14.3,8.3,40.8,-1.2,9.5,45,112.6
1972,11,6.3,16,-3.4,9.2,3.5,78.2,-6.4,12.2,53,83.3
1972,12,7.3,14.4,-1.5,10,4.6,82.6,-6.4,13.4,52,50.9
1973,1,6.6,12.9,-4.4,8.6,4.6,52.2,-8.4,12,56,36.2
1973,2,5.4,11.7,-4,7.9,3,32.5,-6.7,12.6,56,88.4
1973,3,6.9,16.9,-0.8,10.5,3.2,11.1,-6.4,9.3,41,136
1973,4,7.3,15.7,-2.5,10.8,3.8,48.1,-6.5,11.6,46,150.3
1973,5,10.6,17.2,1.5,14,7.2,70.9,-1.5,10,48,158.4
1973,6,14.3,23.2,3.9,18.3,10.2,20.2,1.6,7.9,36,226
1973,7,14.8,24.2,6.3,18.4,11.2,72.8,3.9,7.6,36,148.1
1973,8,15.2,22.8,7.1,18.9,11.5,108.9,2.6,7,49,163
1973,9,13.5,22.5,4.9,16.9,10.1,76.2,2.4,7.7,52,157.3
1973,10,10,16.4,0.2,12.7,7.3,59.2,-2.5,8.2,42,85
1973,11,6.9,14.6,-1.9,9.8,4,60.8,-4.7,9.6,44,74
1973,12,5.8,12.2,-2,8.6,3.1,72.7,-6,11.3,43,57.8
1974,1,7,12.8,0,10,4,81.4,-3.7,14.6,75,65.5
1974,2,5.9,11.7,-0.6,8.3,3.4,50.9,-6.5,10.7,52,67
1974,3,6.2,13.8,-1.1,9,3.4,31.7,-5.1,9.6,49,104.4
1974,4,7.9,14.4,0.5,11.5,4.4,43.4,-3.9,6,31,204.6
1974,5,10.2,17.6,2.7,13.5,7,87.6,-1.8,10.1,48,162.9
1974,6,12.7,21.7,4.3,16.6,8.8,39.5,2.9,9,50,207.9
1974,7,14.3,22.3,7,18.2,10.3,99.7,5.2,10.7,48,167.1
1974,8,14.4,21.5,5.7,18.1,10.6,30.2,4.2,8.6,41,165
1974,9,11.1,18,1.7,14.6,7.7,116,0.7,10.5,47,118.6
1974,10,7.9,13.4,0.6,11,4.8,26.6,-0.5,11.1,44,108.7
1974,11,6.4,13.3,-2.4,9.3,3.5,57.7,-3.5,12.3,63,80.3
1974,12,8.3,13.9,0.9,10.8,5.8,37.9,-1.4,17.1,60,52.6
1975,1,6.6,12.8,-1.3,9.6,3.7,82.6,-2.8,15.1,55,57.9
1975,2,6.3,12.1,1.4,8.6,4.1,26.2,-4.9,9.1,38,82.9
1975,3,5.5,12.7,-2.2,8.3,2.6,43.3,-3.4,10.7,40,131.2
1975,4,8.5,19.2,-1.7,12,4.9,42.8,-3.4,9.7,42,154.3
1975,5,9.4,19.5,1.7,13.1,5.7,43.4,-2.7,7.1,35,255.8
1975,6,14,23.5,2.4,18.3,9.6,14.9,0,6.7,48,253.7
1975,7,16.4,23.6,9,20,12.8,27.8,5.9,8.6,39,165.6
1975,8,16.3,26.4,6.2,20.2,12.4,35.9,4.5,6.9,29,182.7
1975,9,12.3,21.4,4.2,15.9,8.7,124.3,-1.6,9.9,46,120.3
1975,10,11.2,17.8,1.8,13.8,8.5,55.1,-1,9.3,42,87.4
1975,11,7.3,13.9,-0.6,10,4.6,54.3,-1.7,9.7,43,59.1
1975,12,5.9,11.4,-2.8,8,3.8,33.1,-4.8,10.5,39,34.6
1976,1,6.4,13.1,-1.2,8.6,4.2,66.1,-4.9,15.3,68,47.8
1976,2,6,13.5,0.4,8.3,3.7,29.3,-4.5,10.1,43,58.4
1976,3,6,12.9,-2,8.7,3.4,65.8,-8.4,11.7,47,89.1
1976,4,8.1,15,0.3,11.3,4.9,17.7,-3.6,9,42,170.1
1976,5,10.7,18.8,1.9,14.2,7.2,47.7,0.9,9.2,43,133.1
1976,6,15.7,25.1,6.2,19.8,11.6,22.5,4.7,7.9,36,218.3
1976,7,16,25.1,6.4,19.7,12.2,82.8,3.6,7.1,35,147.5
1976,8,16.2,24.6,8.1,20.4,12,6.6,3.9,5.4,33,259.9
1976,9,12.6,20.3,4.6,15.9,9.2,144.3,-1.4,8.9,49,98.7
1976,10,9.7,18.3,2.1,12.8,6.7,156.7,-0.9,8.4,53,87.9
1976,11,6.4,12.4,-2.9,9.4,3.5,39.1,-3.3,9.1,54,85.6
1976,12,3.4,9.1,-2.5,5.5,1.4,48,-6.7,8.8,43,36.8
1977,1,3.3,10.8,-6.9,5.9,0.7,57.8,-8.7,11.4,54,53.7
1977,2,5.6,10.7,-1.2,7.9,3.4,124.4,-4.2,11,45,48
1977,3,7.4,16,-1.1,10,4.8,57.3,-6.4,12.8,50,71.4
1977,4,7.2,15.5,-1.8,10.7,3.7,43.4,-4.5,12.7,55,160.8
1977,5,10,18,1.1,13.6,6.4,22.5,-2,7.6,46,252.6
1977,6,12.3,23,4.9,15.9,8.6,65.5,0.8,8,37,188.8
1977,7,15.5,23.8,7.1,19.1,11.9,26.1,3.8,8.6,41,189.8
1977,8,15.1,22.6,7.7,18.6,11.6,68.1,2.7,7.5,46,181.7
1977,9,13,21.7,4.5,16.1,9.9,29.2,0.1,10,43,95.8
1977,10,12,17,5.3,14.7,9.4,76.5,1.5,11.2,47,88.5
1977,11,5.8,16.1,-1.6,8.6,3,53.8,-8.4,13.3,62,71.3
1977,12,7.4,14.5,1.8,9.2,5.6,65.1,-7.4,12,53,36.1
1978,1,4.1,10.6,-2.6,6.6,1.6,59.4,-7.8,11.5,60,73.5
1978,2,3.9,13,-4.8,6.2,1.6,50.3,-9.9,11,54,60.1
1978,3,6.7,15.3,-1.6,10.1,3.3,63,-8.1,12.3,56,128.1
1978,4,6.8,13.3,-2,9.8,3.7,29.6,-4.8,8.6,42,137.5
1978,5,11.4,22.4,2.2,15.2,7.6,27.3,-0.8,5.6,33,190.1
1978,6,12.7,23.2,4.7,16.6,8.9,37.1,2.9,8.3,42,126.6
1978,7,14.3,22.2,7,18.1,10.5,50.5,3.2,8.7,43,134.7
1978,8,14.5,22.3,7.5,17.8,11.2,116.7,3.4,6.5,36,110.2
1978,9,14,22,6.4,17.6,10.4,38.4,4.3,10.8,50,115
1978,10,12.2,19,3.4,15.3,9.2,31.8,-0.9,8,37,105.9
1978,11,9.2,17.3,-2.3,12.1,6.2,64.1,-8.9,10.7,51,68.2
1978,12,6,13.9,-3.1,8.1,3.9,217,-10.3,11.7,52,43.5
1979,1,2.3,11.7,-8.1,5,-0.4,42.3,-11.5,11.2,48,77.9
1979,2,3.4,9.8,-4.4,5.7,1,83.4,-6.6,13.4,44,63
1979,3,4.8,12.8,-2.5,8.1,1.4,63.7,-6.7,14.6,55,100.4
1979,4,7.3,15.6,-1.9,10.6,4,53.1,-4.5,9.4,39,128.5
1979,5,9,21,-1,12.8,5.1,82.2,-3.9,7.7,34,167.6
1979,6,13.6,24,6.2,17.4,9.9,44,-0.7,7.7,37,169.4
1979,7,15.7,24.4,6.4,19.6,11.8,47,4.7,8.5,38,150.7
1979,8,14.2,23.5,6.2,18.1,10.3,96.5,2.5,9,45,170.9
1979,9,12.9,21.2,2.1,16.5,9.3,41.5,-0.4,10.1,48,131.2
1979,10,11.3,19.1,4,14.1,8.5,119,-2,9.1,44,89.7
1979,11,7.7,17.6,-1,10.9,4.6,51.4,-5.3,11.9,51,84.6
1979,12,5.6,13.6,-1.8,8,3.1,112.4,-6.4,12.1,53,62.4
1980,1,4.1,12,-3.5,6.5,1.7,115.2,-9.9,10.9,55,64.8
1980,2,6.4,12.6,-1.2,9.1,3.7,68.5,-4,8.6,43,50.2
1980,3,5.4,14.6,-3.6,8.5,2.2,73.7,-8.1,11.3,50,109.9
1980,4,8.8,17.2,1.2,12.8,4.7,8.2,-3.5,8.5,35,158
1980,5,11,21.3,3,14.7,7.3,41,-2.1,8.6,39,223.9
1980,6,13,21.6,5.6,16.4,9.6,79,3.1,9.2,47,120.2
1980,7,13.9,21.5,6.5,17.4,10.5,39.4,4,9.2,36,126
1980,8,15.1,22,7.3,18.5,11.7,97.8,0.5,8.1,42,142.6
1980,9,14.2,22.2,6.7,17.2,11.1,97.5,2.9,10.6,44,112.5
1980,10,9.1,17,1.3,12.2,6,113.7,-4.2,10.5,46,104.2
1980,11,7.4,15.4,-1.6,9.8,5.1,41.4,-5.2,12.7,50,67.8
1980,12,6.3,12.9,-2.2,9,3.7,49.7,-6,13.6,56,48.5
1981,1,6.1,13,-2.2,8.7,3.4,32.8,-4,12,49,59.1
1981,2,4.9,12.5,-1.6,7.3,2.5,48.4,-7,10.5,52,63.7
1981,3,8.2,15.9,1.1,11.2,5.3,101.6,-2.4,11.9,52,99.9
1981,4,7.9,15.6,0.1,11,4.7,49,-4.2,9,59,161.8
1981,5,10.7,19,0.8,14.2,7.2,92.3,-2.4,8.5,41,160.9
1981,6,13.1,22.2,5.1,16.6,9.5,77.1,1.5,9.7,48,137.8
1981,7,14.8,24.7,8.3,18.3,11.2,35.5,5,8.8,35,119.8
1981,8,16,22.9,7,19.7,12.3,11.6,4.1,6.6,41,140.7
1981,9,14.4,22.7,6.9,17.8,11,102.8,1.4,8.6,42,123.4
1981,10,7.6,15.2,0,11.2,3.9,109.3,-4.8,11,56,115.3
1981,11,8.3,16,0.4,11.3,5.3,48.8,-4.1,12,47,59.6
1981,12,3.1,10.8,-6.4,5.4,0.7,133,-10.7,10.5,66,44.6
1982,1,4.9,12.9,-7.2,7.3,2.5,50.2,-10.1,11.7,46,56.3
1982,2,6.3,14.5,-1.5,9.2,3.4,23.9,-4.6,11.6,47,60.3
1982,3,6.3,15.9,-1.3,10.2,2.5,45.4,-5.8,12,58,169.4
1982,4,9,16.7,0,12.9,5,19.5,-2.8,8.2,38,177
1982,5,10.8,20.3,1,14.7,6.8,59.6,-5,8.7,49,189.6
1982,6,14.1,21,7.9,17.6,10.5,102.2,3.8,7.5,42,174.6
1982,7,15.6,22.1,9,19.4,11.8,9.2,3.1,6.7,32,203
1982,8,14.9,23.7,7,18.9,10.8,65.6,2.9,9.9,41,162.3
1982,9,13.5,21.6,5,17,9.9,84,0.7,8,43,110.6
1982,10,10.2,16.8,2.4,13.4,7.1,88.2,-0.4,9.3,50,90.8
1982,11,7.2,15.3,-1,10.1,4.3,128.9,-3.9,12,53,63.9
1982,12,5,12.7,-2.6,7.9,2.2,70.3,-5.1,11,56,59.4
1983,1,6.7,14.2,-0.7,9.5,3.9,63.8,-4.8,15.7,55,50.9
1983,2,3.6,10.2,-1.4,5.7,1.4,44.8,-8.5,11.3,51,55.1
1983,3,7.1,13.6,-0.8,10.3,4,61,-4.5,10.5,51,71.2
1983,4,6.4,13.6,-2.1,10,2.7,67.1,-6.5,9.2,41,154.8
1983,5,9.7,16.4,2.6,12.7,6.6,79.1,-0.6,9.3,42,139.9
1983,6,13.6,21.4,6.1,17.3,10,54.6,4.6,8.2,39,154.6
1983,7,17.7,27.6,9.5,21.7,13.6,18.1,6,5.7,36,201.1
1983,8,16.9,26.8,8.1,20.7,13.1,45.4,6.5,5.7,33,158.6
1983,9,13.5,21.4,5.7,16.8,10.3,76.6,2.8,10.5,59,113.7
1983,10,10.5,20,-0.6,13.7,7.3,47.3,-3.1,12.5,53,113.8
1983,11,8.6,15.6,-1.4,10.7,6.5,21.3,-6.4,8.4,39,23.4
1983,12,7.5,14.4,0.1,10,5,123.2,-4.6,13,65,48.3
1984,1,3.9,12.5,-3.9,7,0.9,99,-9.1,15.6,71,70.7
1984,2,5.7,12.9,0,8.2,3.2,60.3,-5.1,11.3,69,59.4
1984,3,5.4,12.1,0,8.1,2.7,53.2,-5.8,8.7,54,78
1984,4,8.6,18,0.5,12.3,5,32.6,-6.6,8.2,37,173.4
1984,5,10.1,18.4,2.3,14.3,5.9,34.4,-1.9,6.5,33,218.9
1984,6,14.3,24,5.7,18.2,10.5,38.1,2.3,8.3,39,179.1
1984,7,16.1,26,7.5,20.7,11.6,30.8,3.4,6.9,33,249.6
1984,8,16.7,24.7,8.9,20.6,12.9,95,5.5,5.4,39,167.1
1984,9,13.2,22.1,5.2,16.6,9.8,76.7,1.5,8.5,38,118.9
1984,10,10.9,18.8,3,14.4,7.3,56.2,-2.6,9.4,67,108.9
1984,11,7.2,15.4,-1.7,10.2,4.3,97.2,-5.9,10.2,55,60.4
1984,12,6.1,13.4,-2.2,9,3.1,87.7,-4.7,10.3,44,48
1985,1,2.9,12,-3.5,5.6,0.2,66.5,-8,9.2,48,54.1
1985,2,5,12.3,-4,7.3,2.7,52,-9,11.7,45,73.3
1985,3,5.7,14.7,-2.4,9,2.3,72.5,-5.6,11.1,44,116.4
1985,4,8.7,17.1,-0.8,12.5,4.9,40.2,-3.5,11.5,48,137.3
1985,5,10.3,18.4,1.7,13.7,6.9,70.1,-1,8.2,39,158.8
1985,6,12,19.8,3,15.9,8.1,78.5,2,7.9,35,171.5
1985,7,15.1,22.2,7.8,18.8,11.3,107.2,5.5,8.3,38,124.9
1985,8,13.5,21.4,7,16.9,10.1,124.6,3.7,10.9,56,141.2
1985,9,14.5,23.9,5.6,18.1,11,38.2,4.6,8.7,46,121.6
1985,10,11.1,20,3.8,14.1,8,19.7,-1,6.4,46,74.2
1985,11,4.8,14.4,-2.9,8.1,1.5,33.5,-8,9.5,43,95.2
1985,12,7,16.2,-5.1,9.6,4.4,72.4,-7.1,11.6,53,51.9
1986,1,4.4,13,-3.8,7.3,1.5,103.4,-6.5,14.2,53,66.6
1986,2,1.8,5.7,-4.5,3.6,-0.1,10.2,-9.3,12.8,42,65.8
1986,3,6,14.6,-5.4,9.5,2.5,64.7,-9.4,14,61,128.8
1986,4,5.9,14.4,-1.1,9.5,2.4,48.2,-4.7,10.8,45,159.5
1986,5,10.4,17.9,2.8,14,6.8,62.5,-0.5,12.5,58,174.6
1986,6,13.6,21.9,3.9,17.4,9.7,82.1,1.6,7.9,43,176.6
1986,7,14.8,25.2,7,18.1,11.4,57.5,4.8,8.2,37,93.4
1986,8,12.2,19.8,4.1,15.8,8.6,158.7,2.4,9.2,55,140.3
1986,9,11.8,21.5,2.1,15.9,7.7,3.6,-1.2,7.2,41,195.4
1986,10,10.6,20,2.5,14.3,7,57,-1.9,10,54,129.5
1986,11,7.6,14.6,-1,10.9,4.3,102.2,-3,12.9,54,87.2
1986,12,6,14.2,-2.1,9.2,2.8,71.8,-5.1,13.6,51,60.5
1987,1,3.8,11.1,-5.2,6.1,1.6,36.6,-8.4,9.5,48,44.4
1987,2,5.1,14.6,-4.2,8.2,1.9,34.5,-7.2,8.9,57,68.4
1987,3,5.3,15.3,-2.6,8.6,1.9,56.6,-5.5,11.4,60,89.3
1987,4,9.5,20.5,0.4,13.2,5.8,71.8,-4,8.9,39,115.3
1987,5,10.3,19.3,2.9,14.4,6.3,21.7,-1.4,9.6,53,189.2
1987,6,12.2,23.3,2.9,15.7,8.8,112.5,0.6,6.8,41,104.5
1987,7,15.8,24.7,7.7,19.7,11.9,32.6,3.7,8.1,37,163.1
1987,8,15.2,26.6,6.3,19.1,11.4,87.4,1.8,7.1,34,127.9
1987,9,12.9,20.2,3.4,16.6,9.2,74.8,-1,8.4,48,156.8
1987,10,9.3,15.2,0.2,12.3,6.2,124.5,-2.4,9.1,48,95.7
1987,11,7.1,14.1,-0.6,9.7,4.4,47.8,-4.8,9.8,52,50.9
1987,12,7.8,14.2,-1.1,9.8,5.8,39.5,-7.6,11.3,45,34
1988,1,5.7,13.1,-0.3,8.3,3.1,118.3,-10,12.2,54,68.6
1988,2,5.1,11.3,-1,7.9,2.3,34.3,-4,12.8,73,81.8
1988,3,7,13.2,-1.4,10.2,3.7,85.4,-4.9,11.5,54,101.1
1988,4,8.8,16.8,-0.2,12.2,5.5,24.9,-3.4,6.3,30,158.4
1988,5,11.2,19,3.4,15,7.4,72.5,0.9,8.2,43,195.7
1988,6,14.4,23.5,6,18.3,10.5,38.1,2.2,5.9,30,173.2
1988,7,14.2,20.6,8.5,17.8,10.6,80.3,5.8,11.4,54,135.5
1988,8,14.5,22.4,8.5,18.3,10.7,54.5,3.8,10,49,135.4
1988,9,12.6,20.7,2.5,16,9.2,41.1,0,10.5,49,120.8
1988,10,10.5,17,1.8,13.5,7.6,79.1,-4.7,10.5,53,97.4
1988,11,7,14.1,-2.7,10.2,3.8,23.5,-6.9,7.4,38,85.1
1988,12,8.3,13.6,1,10.5,6.1,40.5,-2,12.4,48,55
1989,1,7.6,13.1,0.4,10.2,4.9,27.5,-3.5,12.4,54,70.3
1989,2,6.4,13.2,-1.5,9.6,3.2,42.6,-5.5,14.4,58,95.2
1989,3,7.4,15.2,-1.6,11.3,3.5,54.7,-6.7,12.2,55,113.3
1989,4,6.8,15.5,-2.1,10.5,3.1,79.3,-4.7,7.6,43,137
1989,5,11.7,22.3,2,16.1,7.3,13.1,-1.9,6.1,40,238
1989,6,13.8,24.5,2.7,18.2,9.3,67.8,-0.9,5.1,41,227.7
1989,7,17.7,27.5,8.9,22.4,13,9.6,6.4,4.8,29,253.5
1989,8,15.7,23.5,5.6,19.8,11.6,81.9,2.8,7.3,42,133.5
1989,9,13.6,20.7,5.6,16.9,10.3,25.1,1.8,8.1,50,99.7
1989,10,11.9,18.4,6.1,14.7,9.1,62.1,0.1,10.8,43,81.4
1989,11,7.9,13.7,-0.1,10.2,5.6,35.6,-6,8.6,43,57.1
1989,12,6.3,13.7,-1.4,8.4,4.2,55.9,-7.2,8,56,31.9
1990,1,7.2,14.3,0.2,10,4.4,68.3,-3.7,14.3,58,71.7
1990,2,7.2,15.3,-0.6,10.1,4.2,108.8,-6.7,17.7,71,68.7
1990,3,8.7,17.1,-1.2,11.9,5.6,10.2,-4.3,14.3,50,90.7
1990,4,8,17.1,-2.9,12.2,3.8,24.2,-6,10.3,57,164.9
1990,5,12.4,23.4,4.4,16.5,8.4,39.5,-1.2,5.2,33,212.7
1990,6,13.1,21,5.6,16.7,9.5,71.3,1.9,7.8,42,142.7
1990,7,15.8,25,5.9,19.8,11.8,48,4.2,8.2,42,239.8
1990,8,16.7,28.7,8.5,20.6,12.7,49.8,4.3,8,44,141.2
1990,9,12.7,23,2.9,16.9,8.4,16.4,-2,7.7,45,140.6
1990,10,11.5,17.7,3.1,14,8.9,149.2,-0.7,11.3,49,76.7
1990,11,7.5,18,-0.7,10.3,4.7,64,-5.8,9.4,46,83.1
1990,12,5.2,12.6,-2,7.7,2.6,78.7,-6.8,11.1,57,61.2
1991,1,4.4,13,-2.6,6.8,2,71.4,-8,11.8,66,78.9
1991,2,3.7,12.8,-5.3,6.6,0.8,59,-10.6,9.4,45,54.4
1991,3,7.9,15.2,-1.2,10.6,5.1,91.1,-3.7,9.4,50,82.7
1991,4,7.8,13.6,0,11.1,4.4,92.3,-1.2,12.4,46,135.5
1991,5,11.7,21.5,3.1,15.6,7.8,3.6,-1.3,8.5,31,168.5
1991,6,12.2,19.6,2.8,15.7,8.7,79.8,-0.5,9.8,53,144
1991,7,16,22.9,10,19.4,12.6,26.4,7.2,9.9,40,143.4
1991,8,16.2,24.3,6.8,20.1,12.3,36.9,4,8.3,35,155.2
1991,9,14.1,24,2.3,18.1,10.1,42.8,0.5,9.3,48,149.3
1991,10,9.8,18.2,2.6,12.6,7.1,85.6,-0.3,10.5,51,77.4
1991,11,6.9,13.3,0.1,9.7,4.1,50.3,-4.2,13.2,50,60.2
1991,12,7,14,-0.3,9.3,4.7,38.1,-5.4,11,60,40.5
1992,1,5.9,13.2,-2.2,8.4,3.4,32.9,-8,8.6,44,52.5
1992,2,7.1,12.7,0,10,4.2,23.9,-4.5,12,45,63.8
1992,3,7.9,15.2,-0.6,11,4.8,65.1,-2,14,53,67.3
1992,4,8.4,17.2,0.8,11.8,5.1,70.3,-2,11.8,45,104.4
1992,5,12.2,20.4,2.8,15.9,8.5,39.5,-0.3,10.2,44,204
1992,6,15.1,23.8,8,18.9,11.3,37.4,5.2,7.3,28,190.6
1992,7,15.6,22.7,8.3,19.1,12.1,69.9,5,8.6,36,158.9
1992,8,14.3,21,6.5,18.1,10.6,85.3,3.3,10.7,44,167.5
1992,9,12.3,20,3.7,15.6,9,64.2,1.4,10.1,43,98
1992,10,7.8,16.4,-0.4,10.8,4.7,29.7,-3.5,9.4,40,99.8
1992,11,7.9,15.4,-0.9,10.9,4.9,64.1,-3.8,12.8,54,62.4
1992,12,5.4,12.8,-4.1,8,2.8,41.6,-8.5,9.1,45,63.1
1993,1,6.9,14,-0.7,10.1,3.8,57.9,-2,16.2,66,37.6
1993,2,7,12.4,-1.5,9.2,4.7,19.5,-5,9.8,38,55.6
1993,3,7.3,15.5,0.4,10,4.6,26.2,-5.1,11.1,64,83.4
1993,4,9.7,19,1.4,12.8,6.6,48.7,-1.5,10.1,52,129.6
1993,5,10.3,16.9,1.4,13.5,7.1,149.7,-1,10,57,166.8
1993,6,14.1,22.9,6.3,17.5,10.6,148.3,3.8,7.7,34,127.8
1993,7,14.8,22.5,7.4,18.3,11.3,60.1,3.1,10.7,37,140.4
1993,8,14.3,21.2,6.1,18.2,10.5,36.8,2.5,7.9,43,194.7
1993,9,12.2,20,4.5,15.4,9,90,-0.9,9.6,44,100.6
1993,10,8.4,15.1,-1.1,11.4,5.3,86.5,-4.6,7.3,30,97.3
1993,11,6.8,14.1,-0.9,9.2,4.4,45.4,-7.6,9.3,55,70.3
1993,12,5.7,13.9,-1,8.3,3.1,105.7,-3.6,14.3,71,47.3
1994,1,5.6,11.7,-2.1,8.3,2.9,83,-8.2,13.5,60,54.8
1994,2,4.6,10.1,-1.4,6.8,2.4,99.4,-6.9,12.9,57,42.2
1994,3,7.5,15,-0.1,10.7,4.2,72.1,-4,15.7,55,102.9
1994,4,7.5,19.1,1,11.4,3.7,60.3,-4.5,11.7,46,176.2
1994,5,9.2,18.8,0.8,12.7,5.7,52.5,-1,10.2,40,161.6
1994,6,12.8,21.4,4.2,17.1,8.6,21.2,2.6,10.6,38,140.7
1994,7,14.7,21.8,4.9,18.9,10.6,64.5,2.2,6.4,29,139.8
1994,8,13.8,22.1,4.7,17.6,10,58.6,4,9,36,131.1
1994,9,11.6,20.2,4.9,15.1,8.2,88.3,1.9,8.4,33,110.5
1994,10,9.9,17.8,-0.8,13.3,6.4,45.9,-2.4,9.6,43,128.7
1994,11,9.4,15.9,0.1,12.3,6.4,54.8,-1.8,10,40,52.6
1994,12,6.7,14.6,-1.4,9.6,3.7,86,-4.7,13.5,48,58.1
1995,1,4.6,12.8,-2.5,7.8,1.4,109.1,-5.9,13.3,57,41.5
1995,2,6,13,-2,9.1,2.9,92,-7,14.3,52,63.2
1995,3,5.2,15.4,-3.3,9,1.5,44.7,-6.9,13.5,66,122.7
1995,4,8.3,18.8,-2,12.8,3.8,27.3,-4.4,10.1,40,170.3
1995,5,10.2,22.5,0,14.4,6,49.2,-3.6,9.1,38,159.5
1995,6,13.1,25.3,4,18.1,8.1,11.6,0.7,8.3,28,240.5
1995,7,16.3,26.8,7.1,20.9,11.6,70.2,4,8.9,36,165.4
1995,8,17.4,27.1,6.8,22.9,11.8,7.2,1.7,8.1,38,274.3
1995,9,12.7,21.1,3.9,17.1,8.3,43.6,0.2,9, ,136.4
1995,10,12.4,21,0.6,16.2,8.5,38,-1.7,11.6,69,110.4
1995,11,7.7,14.7,-3.1,11,4.4,145.6,-5.9,9.7,41,67.8
1995,12,4.5,14.1,-7.9,6.9,2.2,72.7,-9.6,9.6,41,57.8
1996,1,6,12,-2.8,7.9,4.1,86.5,-3.2,13.5,46,16.4
1996,2,3.8,9.8,-3.9,7.2,0.4,62.4,-7.5,11.7,55,93.1
1996,3,4.8,10.7,-2,7.6,2,70.3,-5.3,10,36,46.4
1996,4,8.2,16.7,-1.9,12.3,4.2,58.3,-5.4,9.6,46,110.1
1996,5,8.5,20.6,-1.6,12.9,4.1,69.8,-4.1,9.6,44,207.4
1996,6,13,23.2,4,18.1,8,20.8,0.2,8.6,37,224.2
1996,7,14.9,24.3,4.8,19.5,10.3,36.8,2.7,8.8,37,168.9
1996,8,14.3,23,5.5,18.3,10.3,102.9,2.2,8.2,40,130.7
1996,9,12.9,22.8,4.2,17.1,8.7,19,0.1,9.2,42,159.2
1996,10,10.9,18.6,1.9,14.2,7.5,102.4,-1.2,12.6,45,73.5
1996,11,5.7,16.3,-2.8,8.9,2.5,103.8,-6,12.2,66,88.9
1996,12,4.2,11.3,-5.4,6.8,1.6,54.3,-8.6,10.5,43,39.4
1997,1,4.2,13.8,-4.2,6.9,1.5,13.5,-6.7,8,37,37.9
1997,2,6.2,12.9,-1.9,9.8,2.6,62.3,-5.7,16.4,67,89.9
1997,3,7.7,14.9,-3.1,12.1,3.3,15.1,-6.5,11.4,47,120.3
1997,4,8.8,18.2,-1.3,13.1,4.5,48.4,-3.6,8.2,44,125.7
1997,5,9.9,20.4,-0.6,14.7,5.1,61.4,-1.7,8.2,39,207
1997,6,12.3,20,3.9,16.1,8.6,125.3,-0.2,9.9,35,139.2
1997,7,15,22.7,7.2,19.5,10.5,54.1,3.8,8.4,39,169.3
1997,8,16,24.1,7.3,19.9,12,81.2,4.5,8.6,42,154
1997,9,13,20.3,4,17,9,19.1,1.3,9.5,41,142.5
1997,10,10.5,19.2,1.3,14,7,67.8,-3.7,8.8,45,94.9
1997,11,8.3,16.9,-0.6,11.1,5.4,87.2,-3.5,9.3,47,50.2
1997,12,6.4,13.6,-1.3,9.1,3.7,90.5,-5.6,12.6,76,46.7
1998,1,5.6,16.5,-4.8,8.4,2.9,79.5,-6.9,11.3,54,47.6
1998,2,7.9,16.2,-2.6,11,4.8,14,-5.5,13.1,52,77
1998,3,7.8,15.5,-0.7,11.2,4.4,65.9,-4.4,9.8,44,72
1998,4,6.8,15.3,-4,10.6,3.1,115.6,-5.6,10,49,132.1
1998,5,11.3,22.2,2.3,15.7,7,27.2,-0.7,8.5,42,196.2
1998,6,13,22.4,3.3,17.3,8.8,113.1,1.9,9.2,40,152.7
1998,7,14.4,21,6.4,18.2,10.6,54.2,5.4,10.3,38,133.5
1998,8,14.9,24.1,4.7,19.5,10.3,45,3.2,10.1,37,169.2
1998,9,13.3,21.4,3.5,17,9.6,95.8,1.4,9.5,39,124.4
1998,10,10.1,18.5,-0.1,13.5,6.8,75.1,-3,12.6,53,114.6
1998,11,6.9,16.5,-3.2,10.2,3.7,76.7,-3.9,11.5,55,94.4
1998,12,6,15,-3.2,9.4,2.6,70.3,-6.3,11.4,65,48
1999,1,5.4,12.9,-5.1,8.6,2.2,72.5,-6.3,12.6,49,75.2
1999,2,5.6,13.1,-3,8.7,2.5,32.2,-5.2,12.9,49,75.9
1999,3,7.2,17.2,-1.8,10.9,3.5,36.4,-4.7,11,42,113.3
1999,4,8.8,18.3,-3.1,12.9,4.7,75.2,-5.9,11.8,46,172.5
1999,5,11.6,20.8,2.5,15.4,7.8,39.2,1.2,9.6,40,122.4
1999,6,12.1,21.7,2.4,16.8,7.5,56.3,1.1,7.7,35,160.8
1999,7,15.9,25.6,8.3,20.2,11.6,35.3,6.6,9,41,189
1999,8,14.6,21.7,7.1,18.5,10.7,106.8,5.1,8.5,28,154.5
1999,9,14.2,22.9,4.2,17.9,10.5,104.3,3.6,8.5,49,111
1999,10,10.3,17.2,1,13.6,7,30.5,-2.9,10.6,50,108.1
1999,11,7.6,13.8,-2.1,10.7,4.5,43.5,-4.9,10.4,53,76.4
1999,12,4.6,11.5,-3.1,7.5,1.6,82.5,-7.2,14,71,53.3
2000,1,4.9,12,-3.1,7.7,2.1,40.1,-6.8,11.4,51,56.6
2000,2,6.1,13.8,-0.7,9.8,2.4,46.1,-7.2,14.3,58,90.6
2000,3,7.3,14.9,-2.4,10.7,3.8,21,-8,10.6,47,102.9
2000,4,6.4,14.4,-3.5,10.4,2.5,89.5,-7.1,9.3,42,154.5
2000,5,10.5,20.1,2,15,5.9,50.2,-2.6,8.8,34,261.8
2000,6,13.3,25.7,4.8,17.2,9.4,30.9,0.1,9.3,38,165.5
2000,7,14.6,22.8,5.6,18.6,10.5,48,0.6,7.9,36,162.7
2000,8,15.1,22.5,5.4,19.8,10.5,62.8,2.7,7.8,34,172.4
2000,9,13.2,21.5,2.4,17.4,9.1,99.9,-1.2,8.3,39,104.4
2000,10,9.3,18.1,2,13,5.5,87.3,-4.7,12.4,53,123
2000,11,6,14.1,-0.8,9.1,2.8,141.3,-6.6,12.9,53,65.4
2000,12,5.3,13.3,-7.4,7.9,2.7,126.3,-8.7,11.4,56,34.2
2001,1,3.6,11.6,-4.6,6.5,0.7,31.8,-9.4,9.8,43,68.8
2001,2,4.3,13.1,-4.8,8,0.5,49.5,-11.1,9.7,51,98.3
2001,3,5,14.1,-7.9,8.4,1.6,56.2,-12.4,10.3,41,122.2
2001,4,7.2,15.4,-1.5,11.5,2.9,77.9,-4.3,10.1,45,145.9
2001,5,11.4,22.2,-0.1,16.3,6.4,49.8,-3.4,7.7,40,239.8
2001,6,12.8,23.3,2.1,17.4,8.2,41.5,0.3,9,37,166.1
2001,7,15.1,26.9,6.2,19.6,10.7,30.5,2.1,9,45,143.3
2001,8,14.9,23.8,5.2,19.3,10.4,97.1,1.9,7.7,39,159.6
2001,9,12.8,20,2.2,17,8.6,41.7,-0.8,9.8,45,131.9
2001,10,12.2,19.6,1.5,15.5,9,90.3,-1.8,11.4,47,114.7
2001,11,7.8,15.5,-0.5,10.8,4.8,40.6,-3.1,10.3,41,57.2
2001,12,4.6,13.9,-5.7,7.9,1.2,21.7,-9.3,10.1,44,89
2002,1,6.8,13.8,-6.6,10.1,3.5,48.4,-11.7,12.3,57,57.2
2002,2,6.4,13,-3,9.9,3,125.9,-6.6,16.1,56,90.8
2002,3,7.2,14.8,-2.2,11.1,3.3,30.3,-7,12,56,125.4
2002,4,8.1,19.2,-1.9,12.4,3.8,81.7,-6.7,10.6,52,159.2
2002,5,10.9,18.2,1.9,15,6.8,121.3,-2.4,10.6,51,167.8
2002,6,13.1,21.6,5.5,17.2,9,81.2,1.5,10.8,45,162.2
2002,7,14.4,23.7,6.7,18.3,10.4,68.9,2.1,8.3,33,106.8
2002,8,15,21.9,6.2,18.9,11.2,50.8,4.2,7.4,41,140.2
2002,9,12.5,20.8,3.4,17.1,8,22.6,-1.4,7,34,130
2002,10,9.5,18.7,-0.1,13,5.9,181.2,-6.9,10,67,100
2002,11,8.4,15.9,1.3,11.2,5.7,185.8,-4,11.1,51,56.7
2002,12,6.4,13.4,-2.2,8.2,4.5,97.5,-5.5,11.2,48,30.6
2003,1,5.1,12.7,-4.4,8,2.1,62.6,-10.3,12.8,50,75.4
2003,2,4.8,12.3,-5.1,7.8,1.7,20.9,-10.7,11.2,42,102.5
2003,3,6.8,14.6,-2.3,11.6,2.1,27.1,-6.7,9.2,48,172.2
2003,4,8.9,18.4,-2.4,13.1,4.7,37,-6.6,9.4,43,183.8
2003,5,10.9,22.1,2.1,15,6.8,97.4,-3.4,11.1,40,159.4
2003,6,13.9,20.8,6.5,18.1,9.7,86.8,0.3,9.7,52,188.6
2003,7,16.2,23.9,9.2,20,12.3,47.6,5.7,8.8,30,132.2
2003,8,15.8,25.7,6,20.6,11,14.5,1.2,7.8,38,203.1
2003,9,13.5,24.6,4.8,18.3,8.6,37.4,-1.3,7.7,33,137
2003,10,9,18.8,-0.5,12.6,5.5,106.6,-5.2,10.5,39,115.6
2003,11,7.9,15.6,-1.6,11.2,4.6,55,-7.3,11.7,47,91.2
2003,12,5.2,13.7,-5.2,8.7,1.7,60.4,-10.6,9.9,42,53.8
2004,1,5.4,12.8,-4.5,8.3,2.4,82.6,-7.7,11.8,48,56.6
2004,2,4.9,14.8,-6.4,8.8,1,19.9,-10.7,10.9,51,127.6
2004,3,6.5,16.6,-5.3,10.6,2.4,43.9,-12.6,11.3,61,140.3
2004,4,8.7,18.1,-0.4,12.8,4.6,31.8,-3,10.9,49,170.2
2004,5,10.8,21.3,1.5,15.6,6,49.9,-1.1,9,35,211.6
2004,6,14.5,24.3,4.6,19.1,9.8,50.6,2.6,12,46,185
2004,7,14.4,21.8,4.6,18.7,10.2,38.1,2.7,10.2,35,159.9
2004,8,15.5,24.2,5.8,19.7,11.4,133.9,3.7,9.6,37,149.2
2004,9,13.6,23.7,4.9,17.2,10.1,46.8,2.7,13.2,45,139.2
2004,10,9.2,16,1.5,12.5,5.9,120.2,-1.8,11.7,46,99.9
2004,11,8,13.4,-1,10.6,5.3,39.9,-3.8,10.8,37,64.8
2004,12,6.4,12.5,-1.5,9.1,3.6,45,-5.7,12.9,45,57
2005,1,6.7,13.3,-0.9,9.5,3.9,64,-2.7,15.8,73,57
2005,2,4.8,11.8,-1.9,7.5,2,40.6,-6.9,11.5,51,64.8
2005,3,7.6,16.6,-2.1,10.6,4.5,21.9,-7.4,10.5,38,97.3
2005,4,8,17.6,-0.6,11.9,4.1,71.6,-2.8,11.1,43,135.9
2005,5,10.1,18.9,-0.4,14.2,6,67.1,-2.7,10.8,46,195.9
2005,6,14.5,23.5,4.3,18.6,10.3,31.2,1.3,9.3,37,166.3
2005,7,15.5,24.8,8.5,19.2,11.7,83.4,2.9,8.8,38,152.5
2005,8,15.2,22.8,6.1,19.6,10.9,26,3.3,9.5,38,149.8
2005,9,13.7,21.3,2.3,17.9,9.6,55.8,-1.8,10.8,41,125.4
2005,10,11.6,19.9,1.2,14.9,8.3,101.8,-3.2,10.6,42,87.1
2005,11,6.5,17.6,-3.4,10.1,2.9,46.7,-7.8,11,47,97.6
2005,12,5.8,13.4,-2.7,8.7,2.8,73,-8.8,9.8,36,45.4
2006,1,5.6,12.7,-3.8,8.6,2.6,16.4,-9.6,10,54,59.8
2006,2,5,13.6,-3.3,8,1.9,37.7,-8.4,10.6,43,67.8
2006,3,5.5,14.5,-5.8,8.8,2.2,69.7,-9.2,12.6,47,95.3
2006,4,8,16.7,-3.3,12.5,3.5,41.1,-7.4,10.9,39,199.7
2006,5,10.8,20.1,1.3,15.1,6.6,116.9,-2.5,10.8,40,196.7
2006,6,14.6,23.9,6.4,19,10.1,26.5,-0.2,8.7,45,222.5
2006,7,16.9,26.5,5.4,22,11.8,18.2,-0.6,8.4,38,240.2
2006,8,15.2,25.3,5.6,19.4,11,57.6,-0.1,10.2,33,144
2006,9,14.7,22.6,3.5,18.6,10.8,85.2,-1.9,10.4,49,134.4
2006,10,11.6,17.4,2.8,15.3,7.9,107,-2,10.6,40,116
2006,11,7.6,14.3,-2.1,10.9,4.2,69.1,-7.3,12.4,45,102.5
2006,12,6.6,13.5,-2.7,9.6,3.7,94.6,-7.1,13.1,67,68.5
2007,1,6.7,13.7,-1,9.4,3.9,73.2,-6.1,16.2,80,70.5
2007,2,5.9,14.3,-4.8,9.1,2.6,77.8,-10.5,10.3,51,83.6
2007,3,6.4,14,-2.5,10.3,2.5,38.8,-7.3,12.3,54,134
2007,4,10.6,19.7,0.4,15.2,6,14.7,-5,8.8,43,238.7
2007,5,10.8,21.2,0.3,15.3,6.3,35,-1.7,11.3,44,215.8
2007,6,13,22.3,4.6,17,9.1,126.4,2.1,9.2,36,144.5
2007,7,14.2,21,6.4,18.2,10.1,127.1,4.9,10.1,45,167.4
2007,8,14.6,22.8,6.2,18.7,10.4,95.5,3.7,9.7,37,146.2
2007,9,13,21.8,1.2,17,8.9,39.2,-1.6,10.3,42,126.8
2007,10,11,18.1,-0.3,15.2,6.7,15.7,-3.6,8.2,40,113.3
2007,11,8.3,16.4,-1.4,11,5.6,53.8,-4.5,11.6,42,47.1
2007,12,6.3,14.7,-3.7,9.5,3.2,63.8,-8.1,12.8,53,70.5
2008,1,6.4,14.3,-2.1,9.5,3.3,97.4,-3.7,14.6,56,52
2008,2,5.8,14.1,-6.7,9.8,1.8,14.7,-9.2,12.2,60,96.5
2008,3,6,12.6,-3.7,9.8,2.1,101.8,-6.3,15,60,126.4
2008,4,7.6,16.5,-1.4,11.7,3.4,27.6,-5.3,11.6,48,185.6
2008,5,11.6,21.4,0.6,16,7.2,32.7,-1.9,9.6,40,236.3
2008,6,12.8,22.3,2.9,17.3,8.3,76.4,0.3,9.9,48,181.7
2008,7,14.8,22.1,4.6,18.7,11,111.4,2.2,10.7,33,150.6
2008,8,15.2,21.5,7,18.4,11.9,189.9,4.4,10.3,36,100.6
2008,9,12.4,19.5,3.8,16.4,8.4,114.1,2.4,9.5,39,119.6
2008,10,8.9,17,-1.3,12.6,5.2,92.5,-3.5,12.6,47,120.9
2008,11,6.9,13.1,-2.9,9.5,4.4,44.7,-4.1,12.4,41,82.3
2008,12,4.4,12.2,-3.5,7.5,1.4,39.4,-7.8,10.1,49,58.9
2009,1,4.3,11.8,-4.2,7.2,1.3,62.1,-8,11.9,59,72
2009,2,5.1,12.7,-3,7.7,2.5,56.1,-6.3,10.3,40,66.5
2009,3,6.7,14.7,-3.8,10.7,2.7,26.2,-7.5,12.6,47,128.1
2009,4,8.3,16.8,-0.9,12.4,4.2,71.1,-5,9.6,49,166.4
2009,5,10.9,20.8,3.2,15.1,6.7,75.5,-0.9,12.1,44,215.9
2009,6,13.2,24.5,3.5,18.1,8.2,64.3,0.2,8.9,40,237.5
2009,7,14.9,22.5,7,18.8,11,165.4,3.4,9.9,36,162.5
2009,8,15.3,22.4,7.9,19.3,11.4,69.5,3.7,11.1,40,148.2
2009,9,12.5,19,2.7,16.7,8.4,24.2,-0.2,10.1,35,135.1
2009,10,11.1,17.7,1.2,14.5,7.7,63,-1.9,10.2,54,89.4
2009,11,7.4,14.6,-0.9,10.4,4.3,171.3,-4.4,14.3,51,79
2009,12,3.6,13.1,-6.6,6.6,0.6,69.1,-10,11.3,52,59
2010,1,1.7,11.5,-9.5,4.8,-1.4,45.2,-10.4,11,44,86.3
2010,2,2.3,9.3,-6.6,5.7,-1.2,36.7,-9.8,8.4,35,64.1
2010,3,4.9,14.3,-7.3,9.7,0.1,54.8,-11,9.3,46,155.1
2010,4,7.7,17.7,-3.8,12.9,2.5,26.7,-7,8.4,47,193.3
2010,5,9.6,23.5,-1,14.7,4.5,38,-4.3,8.2,28,234.7
2010,6,14.1,23.4,4.8,19.1,9.1,50.3,2.6,7.8,28,204.6
2010,7,16,24,8.6,19.6,12.3,78.5,6.4,10.6,49,142.3
2010,8,13.9,21.5,2.4,18.3,9.5,48,0.1,9.1,34,216
2010,9,13.1,20.9,2.7,17,9.2,104.3,-1.4,9.6,37,140.4
2010,10,10.1,18.7,-3.3,13.8,6.4,30.8,-8.3,10.2,37,134.8
2010,11,5.2,15.9,-8.4,8.3,2.1,100,-12,11.3,56,85.8
2010,12,-0.1,11.7,-12.2,3.3,-3.5,58.1, ,8.4,37,60.3
2011,1,3.6,12.5,-6.8,6.5,0.7,29.2,-10.4,9.8,42,73.2
2011,2,7,14.7,-1.7,10.3,3.7,76.1,-7.1,11.6,54,90.4
2011,3,5.8,15.6,-5.4,10.8,0.8,19.4,-8.6,8.4,54,162.9
2011,4,10.1,20.3,-0.1,15.2,5,28.4,-3.8,8.9,40,201.5
2011,5,11.4,17.6,3.8,15.1,7.7,37,-0.5,14.9,57,195.7
2011,6,12,23.3,2.1,16.9,7.1,64.3,-2.4,9.5,33,191.1
2011,7,13.8,22.3,4.9,18.3,9.2,42.6,2.4,8.6,34,159.3
2011,8,13.5,21.8,4.6,17.9,9.1,39.7,0.7,8.9,35,139.7
2011,9,14,24.1,3.9,17.4,10.6,65.2,0.4,12.9,56,120
2011,10,11.8,20.4,3,15.1,8.5,169.5,-0.8,12.8,54,84.4
2011,11,9.7,15.1,-2,12.7,6.7,48.5,-6.5,11.8,49,76.1
2011,12,5.8,13.3,-2.4,8.5,3,51.9,-4.5,16.3,52,57.3
2012,1,6.1,12.2,-3,9,3.3,63,-6.6,14.5,58,64.7
2012,2,6.6,14.1,-6.1,9.2,4,20.5,-10.7,11.1,41,62.6
2012,3,8,18.7,-1.8,12.4,3.5,25.6,-5.3,9.3,37,136.3
2012,4,6.6,13.8,-1.5,10.4,2.8,90.2,-4.9,11.6,45,164.6
2012,5,9.8,21,-3,14.3,5.4,60.4,-6.1,8.9,46,189.1
2012,6,12.7,22.9,3.8,16.2,9.1,147.7,0.1,9.9,43,130.8
2012,7,14,23.7,4.9,18,10,85.3,1,9.2,36,138
2012,8,15.3,22.2,7,19.1,11.5,78.1,2.3,9.7,41,151.5
2012,9,12,22.2,0.5,16.2,7.7,83.4,-3.7,11.7,41,158.1
2012,10,8.4,14.7,-0.6,11.9,4.9,71,-3.3,9.8,37,86.8
2012,11,6.4,14.2,-2.4,9.5,3.3,72,-6.7,11,41,97.9
2012,12,5.4,13.8,-3.3,8.4,2.4,52.3,-8.9,12.2,53,69.4
2013,1,4.9,13.8,-5.3,7.9,1.9,94.4,-10.3,11.5,56,37
2013,2,4.2,13,-3.3,7.2,1.3,47.3,-8,10.9,41,72.5
2013,3,3.1,9.9,-3.8,6,0.2,85.5,-8.1,11.7,40,69.6
2013,4,6.8,16.6,-5.6,11.1,2.6,40.1,-10.1,12.8,54,165.4
2013,5,10,19.6,-0.5,14.5,5.5,45.8,-5.3,11.8,50,194.4
2013,6,12.7,22.2,4,17.9,7.6,60.8,-0.3,9.4,36,210.4
2013,7,16.7,26.2,8.5,21.9,11.6,68.8,5.1,7.2,31,237
2013,8,15.6,22.9,7.9,19.8,11.4,48.5,4.5,9.6,34,130.3
2013,9,13,23.3,3.5,16.9,9.1,35.1,0.6,10.2,48,138.5
2013,10,11.7,19.4,1.8,14.8,8.6,127.8,-1.5,11,43,95.2
2013,11,6.3,13.9,-2.9,9.2,3.5,26.6,-5.7,10.5,45,80.3
2013,12,6.9,15,0.7,9.9,4,83.2,-5,14.6,63,51.3
2014,1,5.7,12.9,-1.5,8.5,2.9,101.6,-5.7,12.7,54,64.5
2014,2,5.6,12,-2.5,8.7,2.5,88.5,-5.8,15.9,66,101.2
2014,3,6.8,15.4,-3.3,10.5,3.1,53.7,-7.1,12.1,44,121
2014,4,8.9,16.4,-1.1,13.6,4.1,34.2,-5.3,9.8,38,185.9
2014,5,11.3,20.3,1.7,15.2,7.4,91.5,-1,9.9,38,146.2
2014,6,13.6,23.5,3,18.6,8.6,36.2,-1.4,7.6,28,202.6
2014,7,15.8,24.1,5.1,20.6,11.1,35,2.2,8.7,33,182.8
2014,8,13.9,21.6,3.3,18,9.8,173,-0.3,11.4,36,158.6
2014,9,13.1,22,3.7,17.8,8.4,26.5,0.3,6.5,28,141.2
2014,10,10.9,18.9,-0.6,14.8,7,90.2,-3.4,11.5,47,115.3
2014,11,7.7,15,-2.4,10.9,4.5,140.9,-6.4,9.1,44,63.1
2014,12,5.4,13.2,-3.9,7.9,2.8,55.9,-9.7,13.9,49,81.9
2015,1,4.7,14.4,-6,7.9,1.5,47.7,-9.3,15.1,58,92.4
2015,2,4,12.6,-7.9,7.4,0.6,34.6,-10.9,10.8,52,79.2
2015,3,5.8,14.2,-4,9.9,1.6,57.5,-7.3,12.9,56,155.9
2015,4,7.4,18.1,-2.7,13,1.8,43.9,-7,9.4,42,229.9
2015,5,9.6,18.4,0.5,13.8,5.4,90.5,-3.3,12.6,43,165.9
2015,6,12.9,24.7,0.7,17.7,8,14.1,-3.2,10.5,51,204.3
2015,7,13.8,23.4,3.9,18.1,9.5,69.2,0.8,10.5,36,134.5
2015,8,14,23.3,3.8,18.3,9.6,100.1,-0.7,9.2,37,158.1
2015,9,11.8,17.3,3.9,15.7,7.9,56.6,0.1,9,30,136.4
2015,10,10.2,17.7,-0.3,13.9,6.4,49.1,-3.9,8.6,41,88.4
2015,11,8.7,16.8,-1.7,12.1,5.2,121.6,-5.7,13.6,56,54.5
2015,12,8.6,15.5,-1.6,12,5.3,193.5,-5.4,14.9,57,48
2016,1,5.7,15.2,-0.8,8.8,2.7,118.4,-6.2,13.2,55,66.4
2016,2,4.4,11.7,-5.5,7.9,1,59.7,-9.9,13.2,56,79.7
2016,3,5.9,13.9,-4,9.7,2,36.3,-7.9,10.6,56,121.8
2016,4,6.2,13.5,-2.7,10.6,1.9,88.2,-7.6,10.6,43,148.1
2016,5,11.1,20.5,1.7,15.6,6.7,46.8,-2.8,9.5,42,209.1
2016,6,14,21.7,2.5,18.2,9.8,58.5,-0.6,7.7,35,142.8
2016,7,15.7,26.3,7.1,19.9,11.5,43.7,2.8,10.3,41,128.4
2016,8,15.4,23.1,6.4,19.5,11.4,61.9,1.7,10.8,40,137.3
2016,9,14.3,25.1,5,18,10.6,56.6,1.3,10.3,42,112.4
2016,10,10.4,16.6,1.9,13.7,7.2,60,-1.4,9.4,40,107.7
2016,11,5.6,15.7,-2.6,9,2.3,36.9,-6.7,10.6,35,97.5
2016,12,6.7,15.3,-2.3,10.1,3.3,46.6,-5.7,9.8,49,60.6
2017,1,5.7,11.9,-4.8,8.4,3,21.9,-9,10.3,45,57.4
2017,2,6.2,12.9,-3.9,9.3,3.2,41.6,-7.6,13.4,64,51.1
2017,3,7.7,16.3,-1.7,11.4,4,67.2,-6.6,11.7,44,127.7
2017,4,8,16.5,-1.2,12.4,3.7,10,-5,9.5,33,99.1
2017,5,11.6,23.2,-1.5,16.6,6.7,43.5,-5.4,9.6,32,224.3
2017,6,14.4,26.3,3.7,18.6,10.2,86.4,1.6,11,41,161.5
2017,7,15,24.2,6,19.5,10.5,42.2,1.8,9.8,36,166
2017,8,14.6,21.8,4.9,18.7,10.5,73.2,0.8,10,31,120.5
2017,9,12.4,18.9,4.5,16.5,8.3,82.3,0.4,10.9,43,128.7
2017,10,11.2,19.5,0.8,14.8,7.7,47.8,-3.1,12.2,56,73.9
2017,11,6.5,14.1,-0.5,9.6,3.3,81.5,-2.9,10.8,36,87
2017,12,5.3,13.6,-4.8,8.1,2.5,63.1,-6.7,12.4,49,59.1
2018,1,5.3,13.1,-3.2,8.4,2.2,93.1,-9.8,14.8,54,73.3
2018,2,3.4,12,-4.9,6.6,0.2,36.9,-10.4,11.9,47,108.9
2018,3,4.3,11.9,-5.1,7.7,0.9,100,-8.3,12.2,50,81.7
2018,4,8.1,18.8,-2.1,11.9,4.4,68.9,-5.5,10.8,42,144
2018,5,11.4,22.2,0.4,16.6,6.2,19.1,-2.7,8.8,36,224
2018,6,14.5,26.5,3.8,20.3,8.7,4.8,0.8,8.7,48,268.6
2018,7,16.1,26.7,5.2,21.6,10.5,40,2.3,6.9,28,182.5
2018,8,15.3,25.1,3.9,19.9,10.7,48,-0.9,8.1,36,121.5
2018,9,12.2,23,0.4,16.7,7.7,43.8,-3.7,9,56,136.2
2018,10,9.3,19.2,-4.7,13.3,5.2,42.6,-9.1,9.2,46,120.6
2018,11,8.2,15.3,1.1,11,5.3,131.2,-2.1,10.1,47,50.2
2018,12,7.7,13.4,0.8,10,5.4,81,-1.5,9.5,53,30.5
